x1,x2,label
-2.277490667560467,2.290690548438074,0
3.4683314496126867,-1.109744483058277,0
-0.2412675894848156,-2.123449705220868,0
-2.8831294776667313,-2.0578113480548788,0
1.3801428495345032,2.0590438470297756,0
1.3178619124812505,1.9654824040203203,0
3.4210085306873848,1.3070471851792653,0
1.8912608421829002,-2.113521398902304,0
-2.4817196628350997,-1.8297754210953916,0
-0.6288032740126674,-2.3314399473501504,0
3.7781326733968443,0.4913923329320117,0
3.5936776439667195,-0.6876404885171875,0
1.1884607951709965,-2.085339511857858,0
0.5670347535629584,2.351395511660299,0
1.06900813167741,2.341065420113933,0
0.9952142552413129,2.237980856947191,0
-0.8876986477478909,2.503005679523864,0
-3.5576082101068374,-0.5578900434581819,0
-2.999258030880419,1.366827563805157,0
-0.5638665010866393,2.1277586109215174,0
-2.384295363444857,-2.019672763121452,0
1.850249423684196,2.222140928779262,0
-0.5949939420524155,2.1941677884702715,0
-1.9805086793489577,2.2080677389303482,0
-3.3611990491332406,0.9520616372867652,0
0.5466210485587677,-2.43280460399476,0
0.728405089775831,2.2262634172052826,0
-3.939022951911944,-0.35323918176184094,0
-2.817592605874727,-1.84864814789941,0
3.5780580237381017,1.0749766768045983,0
-2.543269393920281,-2.0387200148423736,0
1.26135756034004,2.312406697587526,0
3.3435237890122163,1.4481589571512592,0
3.6435993312730606,-1.2121493966230432,0
3.668790011741833,-0.8047878372707085,0
0.9012587274705949,-2.3450395969098268,0
-0.7966082542703739,2.229626745339195,0
2.8493931278391416,2.0071939786092363,0
-0.9463100510298715,-2.158198979913973,0
-3.585055177235377,1.4154517871871302,0
2.177526397978047,2.0979534426714714,0
-3.582269290366754,0.10859164906428563,0
3.6585776553474636,0.8030428887132618,0
2.7216767922627354,-1.743575207820799,0
-0.1285251613529845,2.327414874177949,0
-1.3261715399470384,-2.1647955777149077,0
-0.8929970718862699,2.186478349725004,0
-3.4635480784131003,-0.43905186594024126,0
-3.4443881490611905,-1.0409520689276088,0
0.8317323018539812,1.9172078094026748,0
3.4408851134158556,-0.6656956137044868,0
0.37012887494484925,-2.3243454889299646,0
3.433625438996311,-1.3719885646324763,0
2.5745960421865477,-2.00153848719356,0
-2.5498722372404243,-1.8016706600726053,0
3.031414078547779,-1.620343315989503,0
2.848544993998931,1.7701191329727028,0
0.7336194414945375,2.0778795081820483,0
3.7433429094756288,1.0933411431584252,0
-1.2143850984721696,2.371185523103262,0
-2.3749011866421226,1.9981653320888386,0
-0.29859019991464836,2.2125937280692063,0
1.230617498616332,-2.2811627659782636,0
-1.5613373387079716,1.9677155095874475,0
-0.4292880192643841,2.180760230271949,0
-3.4570503040919545,-0.9503214250960724,0
1.7030710089361447,2.0831722794233656,0
0.7485477333255209,-2.1999881569262083,0
3.3402932939634318,1.6901021015345647,0
3.872109517951607,-0.3197539691798025,0
0.2988796420856672,-2.124455328884238,0
0.7747128196802205,2.320438147681002,0
4.005565682304288,0.13903484697926682,0
1.0372785287392514,-2.3780694087877596,0
-0.6221970141106586,-2.2388113969834715,0
-0.2802205520867165,-2.1121277328908303,0
0.3108865439352784,-2.312336287197262,0
3.1610603484388653,1.586812477845882,0
-1.8705295901577375,2.305986783702091,0
2.3789619095887478,2.120535866570532,0
1.9819505867986453,-2.3028287379411894,0
-2.0987339338695206,-2.0543228387818226,0
-1.3513435517882098,2.4255645520489573,0
3.305447552968812,1.3949845921751416,0
-1.0224662564182228,2.536600631988781,0
-1.1047281253810002,2.1619910925423627,0
-0.31774716672829245,-2.4661364515891155,0
-1.8851791177617416,-2.20887580346745,0
2.2963609277004378,-1.9684566269141976,0
-3.6232223362002745,0.6390431415742814,0
2.196701826902581,2.0523265483221635,0
-0.5373140632844874,-2.285130892982965,0
0.15477486077870364,-2.2805151938798742,0
-3.2328889965396796,-1.310097995630315,0
0.29213864888654456,-2.2046843512930727,0
-4.115780882558695,0.16052853257670924,0
-3.9857040016033376,-0.5731997539109109,0
-3.1938789220595365,1.5636445698007,0
3.7173128416537873,0.598803657971598,0
2.4836295854184782,1.999811123873208,0
3.7559955484589618,0.7515109801981291,0
-1.7886453452633344,-2.0654329812480547,0
-0.9477965155100541,2.214774004215039,0
-3.5399379008464,-0.19081453524061262,0
2.824311355531091,-1.8535376435835325,0
0.010215346381605307,2.29708831868663,0
-2.7665338272702433,1.746373020657398,0
0.08501887568450749,-2.4365608481274834,0
0.27153495419838436,2.026248520100935,0
2.8633158581276383,1.5040884472756006,0
-0.5762738751762946,2.2590788975020115,0
1.4849737117987478,2.3801194885802133,0
3.399267421730682,-1.6074684209948809,0
0.8339506011366328,-2.181234536124249,0
-2.058220747967751,-2.2879207900184606,0
2.045045059494228,-2.1380881258325,0
0.7773175154006929,-2.2169476315470513,0
0.9987161466202198,2.3718206769496373,0
2.555061725532135,-2.0454358145841995,0
-3.3623378714689043,-0.8485052547958571,0
0.9255336432988551,-2.4521418527079306,0
2.713917089310107,-2.0754816369374405,0
-0.9866438037185242,2.1668710055931166,0
2.471726797963754,2.0461488953473688,0
0.31848975250630707,2.282547826101996,0
-3.162886654254248,1.5591589407287816,0
0.9915116997783642,-2.1771523446216166,0
1.766836571717403,-2.115887229056997,0
3.789497709134963,0.16563639899824495,0
-3.959579641193552,-0.2677868511857775,0
-3.0288223218197037,1.7298551615374256,0
0.38237124224201463,2.1594562764065057,0
2.310723295975021,2.1662381136197792,0
-1.1563771255116686,1.8839744132976035,0
3.53483644459482,-1.3253146580690864,0
-1.000695261494924,2.020041599735868,0
-3.6975133933947055,-0.43858652954954463,0
-0.6305641721605609,-2.0737166204282813,0
-1.762719187641051,2.03446101394595,0
3.862834191181781,-0.6921420092552136,0
3.5414874994713945,-0.8514764030945912,0
-0.025220456912723357,2.2520350068791415,0
-3.791917018016572,0.06556175197532162,0
-0.7635190582837834,2.3064817214064712,0
-0.4966522358319066,2.2324013237605587,0
3.428931361081862,0.8092571635669061,0
-2.5512571101848778,-2.0988467266760145,0
-3.724955423741612,-0.06270735005906353,0
3.2283149167373106,1.0822062886621664,0
-0.3915291853954546,2.151728908783977,0
2.976363391789912,-1.9346667601473024,0
0.15299126265851498,2.3293868053636495,0
1.686790757567987,2.171634073180923,0
-3.7323839603628453,0.247708792696507,0
3.7235976221056712,-0.33663541084091914,0
0.12551688335201497,2.512362370757287,0
-1.2268851406669257,-2.304406951637453,0
0.16580166380662165,-2.266964290041797,0
0.18345424119064,2.357048173504893,0
-0.3091277484996473,-2.2444170617282038,0
-1.9479231626066733,2.133103924703754,0
-1.9524676844339774,-2.1404820669085103,0
-1.940273087104275,-2.1602459414111777,0
-3.621473128266641,-0.8280236578952798,0
2.907140196665784,1.8523605343820189,0
1.3405545846143405,-2.256952698333356,0
-1.1211347773090101,2.35253395861942,0
0.9434475606013155,2.238537548353266,0
3.5879915646506166,0.9398899341949158,0
-2.5514776283776843,-1.63936934205271,0
-1.1633872276948263,-2.377201591756906,0
3.813847190122046,0.39894152454819715,0
-3.9291123045972345,-0.2991213215742872,0
0.2648913812293723,1.7806090218407793,0
-1.9050768496862465,-2.4615238242884785,0
1.1502406121051059,2.2354301920700377,0
-0.9343925807680731,-2.4012461869526462,0
-2.2427238054168543,1.934179012661117,0
3.3673005178215925,-1.413906599854466,0
1.7640395804007762,2.065975441342734,0
-1.3945830036700542,2.1653063600313,0
2.5737744169516237,2.2255816615871495,0
3.061276408089544,-1.5672286042004697,0
2.192538961344967,-2.129013652965896,0
-0.11643975849048148,2.3315849653793492,0
-1.465114311300819,-2.30813929134134,0
1.0212908274603874,-2.2724759918397655,0
-3.451335070217821,-1.2474784319781254,0
-4.034576978343721,-0.7604603799495941,0
0.11234878001615049,2.1926703728883763,0
2.786559907817386,1.8455727498065408,0
2.697744577359385,-2.033068149647055,0
2.769706498719801,-2.0012150810925955,0
-2.075481152466868,-2.298312687226883,0
-1.4574243988848314,2.3277783146367033,0
-1.502476373447872,2.0897280233110593,0
-0.3734311977682271,-2.4529937450155517,0
2.4325316683962344,-1.8357284657420259,0
2.4024239100018856,-2.062684661804532,0
0.39983316383673495,-2.1049401224788027,0
-1.7699434389099187,-2.1959758331742596,0
2.972332973905778,1.736222263691824,0
1.4195518962855922,2.2882842396256144,0
2.649323711680554,-1.9618631749334465,0
-2.6889412008011178,-2.1247000144609838,0
3.8562456165951597,0.22308839135131195,0
2.568523902648147,1.902672787638129,0
-1.4337071242950965,-2.372995923516541,0
3.974791898442779,0.12645242220610647,0
1.3117721177520942,2.090406205228823,0
-3.570060474671497,-1.128661888496617,0
-0.8958255728868109,-2.343758921838167,0
-1.553902951467937,-2.1951475683300568,0
0.39401791708575373,2.4158926660313393,0
-0.5334638618577269,-2.202471460487226,0
0.17839510587853535,2.221934313515187,0
-1.143791289700498,2.2309482574415456,0
-0.04856405567029671,-2.2025789904592896,0
-1.5282881700510385,-2.093337351767752,0
1.4767213327722875,-2.0535298023597233,0
-1.6016433330915807,-2.4420420482387826,0
-3.0878767498305635,-1.4131600190597073,0
2.626723618831238,1.7533251819295654,0
-1.755043480735512,1.9235215486603154,0
-0.20207004583189947,2.109051552012219,0
0.07565453930425958,2.002388574487777,0
3.94334269781773,-0.6751955180970121,0
-2.6080796669103967,2.073432225477484,0
2.3879827051572278,-1.9243308451652472,0
-2.2255797413810847,-2.4042411132063006,0
0.6865142859725595,-2.3734976552913842,0
-3.750321192125443,-0.062146051751170175,0
-2.7271112376796256,-1.430878971993122,0
-4.135533296607754,0.19456601756559624,0
0.733157330797472,2.0462195276961124,0
-0.3445626975082723,-1.970754186768745,0
-0.4635441673503005,2.3675048146576594,0
4.080809630610128,0.6283699423698361,0
-1.834178099414522,-2.379153108545898,0
1.1483823039665666,2.3296979721278888,0
3.4213097748129653,-1.3432019288774086,0
3.6396366603141246,-1.0840346179378422,0
3.0093977499798235,-1.7832156365402074,0
-2.0513931805904226,2.1801513325368886,0
3.782678018934518,0.3685208493664243,0
3.1396423952002945,-1.5181219276962572,0
-3.044079517274823,1.475087341359835,0
3.608022898284648,-0.7671896649884701,0
3.3738015381582325,-0.7849100934353643,0
1.6684244984594787,-2.207381307702738,0
-0.599100095388826,2.0890899881898677,0
-2.2032949031932314,1.9400625614601965,0
1.6563929459357143,-2.24592148247275,0
-1.0921055161695397,2.442356236282058,0
1.3147622907366452,2.3735925541438996,0
-3.1568361419381477,-1.1770567392435527,0
3.1370757888989593,-1.3305940840650452,0
-0.8376475683598974,-2.3747558907971604,0
-3.0415614751276103,-1.432678303721749,0
2.654875755336111,1.8578274521703475,0
-2.3872846715740925,-2.1048672111623508,0
3.6413855696695956,-0.22785964744223072,0
1.8250998404387913,2.2085394376770138,0
-3.555059927115737,-0.4112511450830153,0
2.1051009628184945,-2.0432427049859845,0
-0.1306262861992947,-2.249554730545372,0
-0.6967006489948042,-2.0148700865440543,0
-0.7072488159846795,-2.2981304350154264,0
-1.804629472110876,2.195677819640742,0
-0.6491429641566656,2.310473290443136,0
0.891309327509868,-2.2778615346242734,0
0.9670430252818979,-2.437396733142386,0
1.9722813447735164,-2.1792445789898856,0
2.8263216283538832,-1.7139339582044093,0
-3.800560338011392,-0.27131170715508574,0
-3.8811733344109705,-0.03697768007363399,0
0.7022652698397234,-2.242815270185433,0
-1.622334703122576,-2.2318882947889014,0
-0.6646483650255853,-2.1350000685770456,0
0.6326392959970834,-2.1377600326645054,0
2.2650381987200214,-1.8736745105404176,0
-1.5248672459394534,2.471067523190657,0
-2.0008211931127424,1.9862174049717107,0
2.6581551306444737,1.7817312259739235,0
-2.940023900270338,-1.57516209882663,0
3.756155744150742,0.8629808594229764,0
-3.5964729434692924,0.7897299949231541,0
-3.736742381209301,-1.0259079168125218,0
-0.49655269677125935,2.124592435619594,0
-2.8399940484512003,-1.8232419415690597,0
3.5504446093970663,0.6888562277291242,0
3.9246711145243642,0.9382717247120225,0
1.0274081778585575,-2.093851318035893,0
-1.850216040257569,2.2310802819868227,0
2.1455708496272843,2.2018583466620827,0
-3.7936671557645494,-0.5336765273220244,0
0.27530944248183603,-2.1800088029767997,0
0.480168048609477,2.2014317243751105,0
-2.169149831508813,-2.1123966163786467,0
2.8885997729861796,1.7168361745616805,0
3.584075225733211,1.2065520011022401,0
-3.991546734858255,-0.796696314796388,0
-3.4971579136133397,-0.912808600157177,0
-1.7349710651883485,-2.029579328705855,0
-0.33262941294986625,-2.197562505275817,0
4.102723885272096,-0.627310427795858,0
-3.6435310340890825,-0.3744738187846629,0
-1.2209711955731128,2.4743243715580427,0
0.721910055693055,-2.4740237236106384,0
-0.27986219481551794,2.1258761054059256,0
-3.3954974496900348,1.369822245455765,0
3.247085683026222,1.7443056011492313,0
3.656005027213975,0.5873163757455774,0
3.5819844368310405,-0.8564263819047484,0
1.3043513366274848,-2.174857744548972,0
-0.7409232713318351,-2.098203107471709,0
-2.718826735008562,1.7506159431927673,0
1.0939655432424793,2.0913143351683274,0
1.4958636982041278,2.2444238053894896,0
-0.00318132065672681,2.084505314445318,0
-3.5118691013838714,-1.1222393123365189,0
-0.4510566137747542,-1.9941161818032422,0
-1.4477621043562852,-2.287573799468156,0
-0.44517669645352015,2.3389754645410026,0
3.24084135614206,-0.9445269961807735,0
-0.17210412344116935,-2.2587963697528677,0
-3.5849513207878947,-1.2742499721850795,0
-2.253645178746647,-1.9057908453455106,0
-3.216971857527218,1.7790868896200303,0
0.03226416132739575,2.2629480382819365,0
-1.6708105491132608,2.1270257772252337,0
0.10819215337629991,-2.1928526477078707,0
3.854880393308002,0.3495772153713193,0
2.3121910035828175,2.0663318795683785,0
3.595226212873214,1.0691160077451014,0
3.443471083541597,0.9009608575008922,0
1.741569422348415,-2.2318510698684033,0
-0.6085521268744991,-2.030576653813964,0
-3.6924009454350077,0.6044832202449087,0
2.5588550117647104,1.8064315943642557,0
-3.680122264917547,0.1940447282667111,0
-3.8867470646183233,0.6539170514242219,0
1.2566856792799743,2.3989895352362187,0
-3.321451217053103,1.4658629760792778,0
-2.4658381487574617,1.8271760581971412,0
-2.2727929844214048,-2.0254141765855116,0
-2.035985685984215,-2.312113666287849,0
3.5463838015466704,1.037669726243795,0
-2.358806236658423,2.3703170119972077,0
-2.1452399966516644,-2.1685476603596427,0
-3.827442899106031,-0.07543218197412306,0
1.717683620760502,-2.1721305914861397,0
-1.46069322973059,-2.260456998758824,0
1.3576684341048668,2.2291486819650137,0
3.2624810489715177,1.549471298602292,0
-1.858010169178244,-2.3167667376045165,0
3.5877573717005924,0.6032220219241657,0
-2.7282666140030676,-1.6314895737000903,0
3.0786927741808436,-1.213791684373127,0
-3.1516402234649217,-1.6176865022804205,0
-2.2636735475622407,1.916939836637927,0
-1.5502106062146106,-1.954740484239657,0
-3.622409206898827,0.9725842410275273,0
-3.881011245987018,-1.14386644570042,0
3.352014586282142,-1.2915980684818673,0
-2.4429027816211675,2.123811339061351,0
3.60898540874807,-0.8979076991336116,0
2.7193154268697017,-1.839299879569887,0
0.8406244129601184,2.3718513372988577,0
3.1468584005132043,1.4654032566178417,0
2.6440166924560886,1.9408084787915405,0
3.802315387398879,0.43724346384952856,0
2.6525104010231804,1.7891048792054387,0
-1.0689023277016663,-2.3875974611220627,0
3.1326234581147876,1.5027786109528425,0
-0.9947727181086994,2.149807519686604,0
1.5634914145114698,-2.304489285083174,0
3.5925129589389004,0.5290801271020982,0
0.9665643882592606,-2.254223320804238,0
-0.44969679255529615,2.2167223846916873,0
2.3810229385843074,2.184814835884687,0
-0.8026652289449229,-2.3082321790493956,0
-2.038219927179043,-2.141795296887413,0
2.259926179927614,-2.190791542711294,0
-0.22690715838730285,-2.4119179010088785,0
0.810387709909918,-2.3201861515738265,0
-0.4529258634692629,2.2197667265403287,0
1.0185352404858934,2.0770916542207427,0
0.007880673297532306,-2.04024160192991,0
0.8213739803576235,-2.201489364857315,0
3.6962979457495653,-0.22077554724480059,0
-2.845866532986463,1.7410561944174765,0
-2.06630891145574,2.1452251082880216,0
0.3837715867457009,-2.2911996910461885,0
-1.434529137326006,2.2354291329298253,0
3.2544390624199515,-1.512549844650409,0
1.790967221191353,-2.20940516489384,0
-2.891996835003226,1.3832644359404893,0
0.011269824098927976,-2.0591167774188612,0
0.06220801526382566,-2.1788022185850173,0
2.420446580954654,1.8322030584156566,0
2.7508363035619934,-1.9319543317312844,0
-4.025677492198654,-0.13290216840497998,0
1.259083612775956,-2.4161347169123286,0
-1.0474412306449339,2.22412645415947,0
2.7152677823658102,-2.091916427187101,0
-2.4279981311865972,2.02921417120475,0
3.7333570803447924,0.25461651551766973,0
2.655984200633336,-1.7957016497460068,0
2.758040818584031,1.7817451007304155,0
-1.0236909091322726,2.2000312277119805,0
3.493807306743605,-1.133703071140999,0
3.499314275278981,-1.1222557710174696,0
-3.119013336218824,-1.5508464030980942,0
-2.0261578505774427,-2.208174514565946,0
-3.6180173452691693,1.214758839159553,0
-0.6590486514869233,2.3674843223263276,0
-1.1087911234893202,2.057593347961911,0
-1.0138247092581179,-1.915318725184409,0
0.03491810951589767,-2.3402436247148413,0
0.5428442662130362,-2.030393064185603,0
0.5576227977569681,-2.1936339233365074,0
2.6502080844952722,1.710182156874753,0
-3.5255694930729207,0.12365099341658513,0
3.442811652451812,1.3023828960591552,0
-3.5830702015340923,-1.152495259393549,0
-3.2731044002730814,1.259641058945765,0
2.0846655727494503,-1.7758523145489504,0
-1.587475124855468,2.158762596897618,0
2.326988163694416,2.105852680902085,0
1.618624678646876,2.0332146694806794,0
0.16156402555964566,-2.23001351185977,0
-2.258229179475485,-2.073531667282458,0
2.6747997625882407,1.9723324912558344,0
2.9458483852689343,1.7199288177686887,0
-0.6674321710959806,-2.0975187246186344,0
3.29104229791154,1.6190141867238672,0
1.0824464817575996,-2.2322218735047237,0
-0.6281766357595997,-2.2269300295079737,0
2.8583160254284357,1.603065122386521,0
2.8596776823498877,1.6872752488752762,0
3.6431566253885923,-0.30654885565105844,0
-2.088159588956789,2.107382545394034,0
-2.2088601418139837,2.3332599186511533,0
0.8575152593847016,-2.059253412699602,0
3.204107770019632,-1.1026693261937603,0
3.992833475993125,-0.3521098001489014,0
0.04604206344814152,-2.1688335357358897,0
-2.07554112740209,2.0429458786982755,0
3.0764402965350857,1.7805002485475339,0
0.3658404501226303,-2.1239816821256348,0
-3.6104151122912453,-1.3877546102793974,0
-3.1689929344238363,1.6342439666419755,0
2.690091736388729,-1.794910879255827,0
2.6505771617558676,2.2265506502810934,0
-3.7017319786241467,0.17165312585276168,0
3.893258351307808,0.2782056686291181,0
-3.710536412843701,0.7402375434949964,0
3.5677240935766923,1.3175598793103795,0
2.4196019848952717,2.238572626436751,0
2.2775921685095963,2.073136114367207,0
-1.566672856887117,-2.133992669004972,0
-0.05640500651418266,-2.26928282460023,0
-2.855814198209143,-1.6496529034028158,0
3.900488781827381,-0.9449162736114022,0
-2.1331453689094872,2.13661742479099,0
-0.49494939653461106,2.168653139374185,0
2.0095098689006803,-2.178013993169464,0
0.33714883440056925,2.013535000708538,0
3.475430896209893,-0.8177078528911308,0
3.9591752331211993,0.3029467053316411,0
3.579756627293008,-0.6857001499935395,0
3.399219875592623,0.9450877928146889,0
2.51253040320505,-2.0483286630237494,0
-3.870497671016617,-0.6805508513856533,0
3.900904526181984,-0.17254598950730768,0
3.246157729310614,1.6232001196488193,0
-3.31112439440044,-1.1652218211183392,0
3.4625200948975356,-0.6762502525587138,0
-3.949773005041895,-0.5772814263858157,0
-1.9982465431109997,-2.1118686108765172,0
-0.7826802657131987,-2.20649079183576,0
-3.715326361269987,1.0910295608884735,0
-2.1271066183373377,-2.1966071848488857,0
-2.98556597491632,-1.7483413169598978,0
2.91396199940188,-2.0848933650948935,0
3.4316969875228596,1.0074459191415606,0
-0.4637757303879376,2.353717767403147,0
3.4820549512001064,-1.12144352618132,0
2.4634628031072983,-2.031085841225911,0
-3.757532636650433,1.0748699768428471,0
-2.276300237571925,-2.1411598483177836,0
-0.3984764357298215,2.293274073090704,0
0.9821039775593939,2.3974313089741575,0
-3.5685679275623294,0.8283687401594069,0
-1.6079806473617766,2.117914116391787,0
-2.8030334157022883,-1.625920684093872,0
2.7841232411143504,1.47937670019202,0
4.014849589524607,-0.6515487924943675,0
3.6089503498349376,-0.31346581751265234,0
-0.7457584305444245,-2.2080970945076466,0
-3.5833987452350478,-0.8269431184932667,0
-0.8986824527883256,2.289644511340725,0
1.0012054072585765,-2.3625653635124935,0
-1.0299977155618891,-2.3691969141796236,0
1.3298857073443149,2.1737597215478988,0
2.816845416790188,-1.7646899759611125,0
1.1234182537676942,-2.291824365283788,0
3.4306972890521643,-1.119471419163945,0
-0.3765840342823523,-2.449271091486746,0
-2.4135136114622626,-2.0854563797817196,0
-3.0690679604323745,1.731625744016606,0
3.3107196432475536,-1.4891291008147152,0
2.056485860664739,-2.301428145010187,0
3.5530425826606056,1.0375501377539342,0
3.5131925167608316,0.5874095278532809,0
-2.194013527613539,2.1540338219070483,0
0.8626363698569536,-2.156832224386034,0
3.698651572536768,-0.2963256004044433,0
1.6613875996012322,2.2993455607533617,0
-2.895812514435816,-1.9449558957371278,0
-2.2440619095064367,2.083800073611115,0
3.7223181330637614,-0.7121452921179503,0
1.6050123181418987,-2.4561938118170614,0
1.4123666474021175,-2.2780621360302025,0
-4.049509065445999,0.8070009953107169,0
-2.9835983697476935,1.7690653797911955,0
-0.2887223116311236,1.9489748890046419,0
3.4895299125898878,1.2904825122446373,0
1.9497386939133403,-2.2193366509227226,0
1.0128209817153713,-2.427845880678089,0
3.9009660301681963,-0.006919974045695788,0
3.777673663867355,-0.07983932619360257,0
-3.224048582067293,-1.1706172964189654,0
0.26080690187344024,-2.175735414895293,0
3.2794180777875437,-1.1861189126627658,0
1.5601078305328913,-2.157339225707669,0
0.038133912856360946,2.288413226776929,0
-3.714075442595018,1.1927531539294096,0
2.077144099585103,2.188653445606526,0
3.346441836007154,-0.9939066154121461,0
-2.5565189854935615,-2.0134348325869698,0
0.32218142593868393,2.386484392621214,0
-1.1646257649067036,-2.1731330601293726,0
-2.246939563186003,-2.0608293484393214,0
-1.7812554567847618,2.204495172550943,0
2.2658776423925047,1.9614315026315041,0
-1.2561437603713401,-2.339398135335201,0
-3.7254153752161403,-0.47794865234240497,0
0.3206619120479098,-2.271667336789734,0
-3.612148555620443,-0.46009098176154445,0
1.6216701428032663,-2.1688879488842816,0
-3.546751015264173,-1.1995750083791012,0
-3.26581969361075,-1.3153458922542547,0
2.3401865956757004,-2.2920563600900556,0
-2.6460893988676157,1.8353954139233775,0
1.9600396620908163,2.1956903819800546,0
3.8247190029159137,0.6993292008000104,0
0.06418759582830241,-1.9878755619295378,0
-2.025014080879755,-1.9090401557825876,0
-0.5977282174598187,-2.0138582111113497,0
0.5706353272198278,2.4077805696479855,0
1.835661110993965,2.1186767022493145,0
4.153002006393175,0.38058978234874646,0
-1.5795796942907752,2.157311628238222,0
-2.845520223517488,-1.8037583482949453,0
-2.652628099314018,2.1321689670186847,0
-3.5718740951444006,1.4801781194329073,0
2.9633280709995335,-2.0368575138418796,0
-1.6888442485904653,2.3788987107893425,0
-3.9260636653868564,-0.3459868228047332,0
0.4951721005895881,-2.3068081926072623,0
-2.6514261343063574,2.015796805141348,0
-2.121351190343683,-2.0450770262978484,0
1.7846900135572903,-2.093230611776517,0
3.4621123996331296,-1.1364486611862796,0
1.6602970811368534,2.199009735198554,0
3.0581566261825768,-1.5199756331220726,0
-3.8957510293344173,0.19313320413815854,0
-0.12155293305117953,2.3444363083513866,0
-3.588457329615321,0.9421590972959714,0
3.965165651306529,-0.5000924049877643,0
-3.6214082292471903,0.16808828632853634,0
-1.2022384784640168,2.228084885705399,0
-1.8781528837897934,-2.087680558563617,0
0.1191847834642005,1.9224546419592337,0
3.066121581569236,1.583275215173778,0
2.0295007253707364,2.1309399297479303,0
2.216533556419234,2.3030377318519495,0
1.6355317768618005,2.308659957971731,0
1.7415146065816691,2.0738225945554816,0
-1.9752540662486253,-2.4145704251628852,0
1.1035631469016272,2.4189556043962526,0
-1.582998866300031,2.3084335282970825,0
2.536301478918949,-1.9221014918428656,0
-3.56538495898422,0.5885713382634633,0
-1.2558999974871836,-2.203684301747791,0
1.2732120000467555,2.3981118932889247,0
0.9520553228244489,2.5094755082591638,0
3.799480761306162,0.9976754458431668,0
2.8240797362029624,5.0565399348437685,1
-1.0823853432112454,5.960403720684733,1
2.6309420083931068,5.328872271468921,1
4.7110790320318525,2.936144412528511,1
4.1760119375513804,3.9530519951717533,1
-5.9579284706470075,1.4986998953046677,1
1.6437178356886832,5.839940637852451,1
-3.5995917488793143,4.120892648291212,1
-6.374464595062736,-0.13688937188370506,1
-2.1736479156751973,-5.530050226578129,1
5.807824062434102,1.4644693544330891,1
1.7309410010376767,-5.39521488968668,1
-3.954081004149867,-4.100888479844261,1
5.335511814818342,3.010487312495151,1
4.169109499629508,-4.244249253525579,1
5.1063297871304245,-2.7708881327062214,1
5.489749858777366,2.2166728779030938,1
-1.059621771558951,6.214746521800093,1
2.039543712579141,-5.533641129262545,1
-0.06937901330844723,-6.344602546259134,1
2.4364288710488506,5.584087199887803,1
1.601944042706397,6.134924100387139,1
-3.9052427243314476,4.134018350103633,1
-6.217523331559041,0.606535883169801,1
-4.103838364371937,-3.7699358980012465,1
-3.791559610285399,4.093234869246806,1
-5.9731682331171205,1.4326528775454572,1
-0.10097232587660751,-6.353696735442362,1
6.151231265328685,1.4434325577496943,1
-0.09460714536515921,6.178236336622608,1
-1.4620374074418971,-6.2362927617678965,1
4.506200844027956,-3.4859972669303447,1
-6.267060351392632,-0.46065074009690127,1
-5.971736080121564,-1.2215700775309148,1
4.194677605569373,3.3464010010170004,1
-5.870840568575946,2.0136501820191857,1
-6.183086975651802,-1.2852076021672385,1
0.2956879870496841,6.2454495985792695,1
-0.756932814736192,6.229825995035254,1
-4.1437944902047095,4.026527448463652,1
5.980377941557857,0.7582155927567958,1
-2.5593557592808107,5.259450166490525,1
1.5085257902886138,6.105394193722199,1
-2.6677888943005166,5.038779138864783,1
4.194987246954268,3.9275731982831945,1
4.264146527432648,-3.503878311447913,1
-4.874529084851841,-3.250081250142857,1
-2.5558726518735795,-5.35292769081743,1
1.4432719083701646,-5.745207806720977,1
-6.47417086471216,0.06337090258789037,1
4.885417876948973,2.969365103052981,1
-5.8933061703636245,-1.3994577421618086,1
-5.0072175180547385,-3.0399852114697388,1
-0.1853794514052984,-6.46767097682665,1
-5.276869799225844,2.4162251948374904,1
3.9715109577777246,4.102421219571826,1
-1.319090531836083,6.122072902536006,1
-3.7942078537356494,4.40967470962897,1
-3.5082996530834345,-4.577099533394231,1
-5.310764938651433,-2.5308513305119,1
-3.468307539934749,4.408252516306622,1
6.27327247891613,-0.532792282008634,1
-4.3872643459474725,-3.4374507308964497,1
0.46871337555338694,5.827652369900404,1
4.665960320955714,3.4705184627563432,1
3.3851672138886824,4.83978377486136,1
0.1509518495416611,5.942096217609164,1
3.012984150337087,4.792936320619544,1
2.36186959149458,5.608833403651189,1
-1.421570438631427,6.341925030213387,1
2.7315829662898383,5.228257238234195,1
4.490222016856813,-3.403874554921529,1
5.116329802195836,2.8225192251518187,1
-6.374728240440394,-0.9896059045685162,1
-4.832271885455774,3.0497787435620105,1
6.113514557359684,-0.6796581278733277,1
4.301848683803057,3.6526245604663434,1
-4.489859914469292,3.355421576031233,1
6.119990367966534,-1.1885685440439024,1
3.950466699916152,-4.4522457591274005,1
2.460127492754348,-5.4878731541668975,1
-0.3105259399374564,6.248537778620291,1
2.782273422234771,5.128478485004291,1
-2.7535513421860296,-4.909091149259496,1
5.483603833489291,-2.6066975104259833,1
-5.651879919869309,-2.105805966963912,1
-5.3170907171074955,-2.5681577457615825,1
-1.2541717005422537,6.579293576178836,1
0.7708456350535704,-6.262260576768058,1
2.267203403837801,5.429437312413563,1
-2.6137758339984947,5.2368085577021235,1
-5.427274838920569,2.7466141371141277,1
-6.30430536990013,-0.3016855850503515,1
0.28979529130924725,6.071904556165593,1
4.390325320766768,3.8625998397271553,1
-4.315649061284418,-3.598626713315305,1
-1.5503231481851238,6.261285108266,1
-5.257782151580086,-2.9439883549222507,1
3.228917714126328,4.710524491533471,1
-6.413780085479878,0.7636120888833338,1
-6.085209944530699,-1.263752867968668,1
5.8812727151362365,1.9857224631398374,1
-3.0553553087940384,5.0494572944922025,1
3.706421994033664,4.17307122407132,1
5.435510017007841,2.286551481573563,1
6.432175316139886,-0.40629174684285124,1
-2.5803430833364605,5.279401494199166,1
2.1893688900353263,-5.542485059112247,1
-0.17943370122930674,6.152077300757021,1
-2.5110183938777753,-5.469646999732567,1
0.42381676416856584,-6.585898997674784,1
-4.633754672514616,-3.176356700653418,1
-6.131191023971334,1.1067741218333622,1
-5.129605765920367,3.1727205639549276,1
-3.3468700253849253,4.67613857340987,1
5.428751992802253,-2.5742213658518716,1
2.7696341876704795,-4.9918282105962835,1
6.105204389995735,-1.3635910311744988,1
4.028362849591625,3.992943138505289,1
-0.7691724834396848,-6.3675516395955185,1
5.7260996723860655,-2.336479024770644,1
2.655492413629225,5.758596730983761,1
5.5358554452077895,2.4576231632150907,1
-0.3536087254670439,-6.331563596414981,1
-5.3016903436111065,-2.679275286695037,1
3.134064113843867,-4.815290687571318,1
3.6850652809694817,4.441529752218416,1
1.7065179764056886,-5.837261257232238,1
1.8344352356295426,5.848622542001798,1
3.112430091675062,5.162821868067359,1
2.91573729277083,4.878735520728424,1
2.4294788930876234,-5.655609148465282,1
-3.0671884921395036,-5.2010311633974045,1
-6.167933781309657,-0.9001948455805668,1
-3.4153107037879122,4.190723565457594,1
4.020823427234357,-3.9111458133820842,1
-4.621153318720012,3.704859481853038,1
2.4241727743179364,-5.450976664846427,1
-5.438936913123585,2.1876994037674233,1
-4.02551497759004,3.9283362684587786,1
-6.131014952597932,1.4646035010063516,1
-1.9557091330127225,5.846343082357944,1
-0.09408044794135065,-6.262912265319684,1
-6.243363280770227,-0.10672642353255285,1
0.6927872153159377,6.173001371330236,1
4.535456931803376,-3.313761392408108,1
-4.435465460909439,3.965646855492986,1
-5.862598092570996,-1.6455870269227724,1
4.969853401639308,-3.3107269123899457,1
-4.211929434147867,-4.171789450202295,1
4.346113915413984,3.9247141466761355,1
5.532487448897804,-2.1972200133604423,1
-4.003918580776054,-4.142545671935301,1
-2.9679000438488625,5.025244190510896,1
3.578720797715156,4.285866955649804,1
1.6886029595175496,-5.94794901942772,1
-4.026143893008766,-3.7842657979906327,1
-6.237729283258148,-1.331104631071668,1
4.450778055310204,-3.5022496884573293,1
1.4888283210596425,-6.018330055415919,1
3.3638868707935656,4.733966005702015,1
-2.2565100507521803,5.5239118082475915,1
0.060638451696168626,6.387499991615819,1
-0.2367318958620209,-6.220796094698382,1
6.190331749207422,1.3238917169874511,1
-5.197849188079677,-2.441523046037292,1
0.4930036765221246,-6.285063916925302,1
4.283107864491003,-4.189114671567855,1
-3.087861048168023,4.727848562458178,1
2.5251184960045534,-5.2579289589175255,1
4.451529004237626,3.7124854793432,1
3.3042322036848257,-4.767857950915292,1
4.004006681988458,4.131225451482518,1
-4.648870292398425,3.500196067945787,1
1.8175019517995967,-5.935024208280387,1
3.484163801536887,4.7903116823576255,1
0.8217975535177339,6.267955476294531,1
-1.074374118774044,-6.099879343881872,1
-1.1827807618594837,-6.208096404084177,1
-3.797016733024552,-4.657784318604493,1
-2.0795172535963133,-5.658495470201227,1
-5.782079925899151,-1.5905657059732525,1
-0.07308618291915935,6.46534240843223,1
-3.2582290745913762,4.749527732063829,1
2.345778496203694,5.117765701742906,1
4.973203469583582,-3.2244306605164588,1
-4.995317047807665,-2.886494694529448,1
-4.667866437948913,3.353398142812041,1
-6.046619551847723,1.4715375004131996,1
5.769937189144238,-1.9842706046373761,1
3.3549099307731347,4.82825241186163,1
-4.940362393719042,-2.9734871923409814,1
-6.3693241121347,-0.2357704284429042,1
-4.341940293524653,-3.6593011446149766,1
6.339017333960142,0.7244439282692481,1
4.02164250536722,-4.169684192392333,1
5.297907151938505,-2.4074103749077076,1
-5.635776400750662,-2.4444195242819498,1
-1.9698145522102006,-5.654724403548931,1
5.312098318839561,-2.8126377242677534,1
-1.6452712035446064,-5.975526185234262,1
3.4745562044910345,4.946372281865186,1
-5.203661307952016,-2.7046784461210494,1
-4.449308725750284,-3.528681303970218,1
-5.240604261132438,2.706378724401336,1
-0.5306081218942659,-6.214669466274467,1
5.585319753948357,-2.443402829027773,1
5.0602184601924876,-2.5555832056588748,1
-5.659497541138442,1.8059394824884665,1
4.205645650504329,3.625824190501692,1
6.391933200382222,-0.6106508995151744,1
3.217881981042115,-5.149025484716991,1
4.027947672386705,4.010909798872329,1
5.143615785870295,-2.7923977669007765,1
3.908085992113588,-4.167123356657911,1
-6.396213745154281,-0.7606304873808266,1
-4.756420904944902,-3.072259270255969,1
-4.661749805785487,3.4317953063858786,1
5.840608378417449,2.0928726440963517,1
-3.0163499558897424,5.08597312598919,1
1.9888577702635137,-5.767153370411618,1
6.44539562539972,0.1876388666026794,1
-2.726627430863745,4.711313204774377,1
-4.69377015552277,3.4934407522961037,1
-5.911830593471492,-1.415204245485569,1
4.901966291271287,-2.7006726941464567,1
-3.32965412505242,4.8114013559534445,1
-3.4202971720367694,4.9023061413580615,1
-0.4914739228445289,-6.245394452615972,1
-5.971766395952918,1.8487465341755833,1
1.0300260205388159,6.40043193604346,1
-6.027720632448589,1.856876813805121,1
3.780282726759915,4.620005665781434,1
2.690018929379465,5.395181783436762,1
-6.310730769738289,0.06472251340923077,1
-4.910544537697921,2.7429303938641563,1
4.9906151076916805,-2.9579673875175834,1
-3.6265704966933803,4.251904970695009,1
-5.416695012912253,-3.0039823232917535,1
-3.8279871574289293,-4.194406700063371,1
6.281061962468381,0.5179429345770658,1
-3.0564903695393624,-5.061498390475132,1
2.593448904841982,5.339324649649578,1
6.23060831115151,-1.5551615035105653,1
3.364096987480516,4.549401139267961,1
-5.042095893752892,2.997982447371703,1
4.9219022177275225,2.925419499057548,1
6.099894778063058,-0.1198152335000308,1
-6.207187867872077,-0.08561283211439825,1
-4.767513861832739,-3.25688682873771,1
5.384793256959923,2.4140974392817394,1
-0.001538945654534938,-6.196136513851045,1
1.4829234137078848,5.761415318542202,1
4.599358424085115,-3.428313031356296,1
1.6419040679555064,5.670034886398063,1
2.2348736273758343,5.716694777140065,1
6.031821680963112,1.4100737297112318,1
-5.918093341097844,1.0494739722992934,1
-5.450120912318504,-2.3520217023994645,1
5.370383814467088,2.3524170679997054,1
1.0042786745570207,-6.207508089834744,1
-6.0468888690765334,1.8275083208057499,1
-5.894205924385431,-0.9104169692292611,1
-5.628143186013514,2.1971973888287617,1
-4.657201954517316,3.3496581737361635,1
-5.69739699778851,-2.2408786626045734,1
3.260989198127829,4.814015172436524,1
2.4245644175885395,5.318776205195084,1
3.6620346688401417,-4.326868914608895,1
5.607558676128594,-1.9745608249143616,1
-4.100564882506088,4.188623238189908,1
-0.814070270513895,6.21020869604877,1
-3.718747530819024,-4.732451887638959,1
-4.865860344689471,3.1425319722699543,1
6.056844309487233,0.9743878207599155,1
3.0919616251812188,4.621322542596641,1
-1.257438226265887,-5.7914104880624855,1
-3.0135605450329406,-4.678393199095746,1
6.182459140560315,1.0628470541137218,1
1.1045896338518628,6.207392112620642,1
0.7152852828362978,5.986943371546756,1
-2.8370158204883564,-5.3091069242734275,1
6.144056838781689,0.7648246700313441,1
4.572923494185418,3.5062767892885844,1
1.954488835269599,-6.02610725706457,1
2.633540553303324,5.466251437432478,1
-3.2873855751901213,-4.6928853617479245,1
0.4564530733741314,6.1362333106541,1
4.409832859416637,3.180343229503882,1
0.26537421057909977,6.182027564826529,1
-1.074619151323445,-6.1044954379573255,1
3.4433148003407847,-4.399207989310867,1
2.825859593661064,-5.123441296100304,1
-4.596869359251104,3.4657420004731017,1
-2.867733593879029,-5.07090082340154,1
1.6829229793249216,5.790526127820966,1
-1.651105690269429,5.940333043720412,1
4.619253002814723,-3.5213625859259476,1
6.100152534981448,0.4994543645507674,1
5.195618741318268,3.0951300998004196,1
1.6037844518596904,5.918848824139424,1
6.152076044459226,1.0352002383644294,1
2.5309495432488727,5.506920738587564,1
-5.103585218825783,-2.934094545544248,1
-5.3055468653042865,2.8552093670921126,1
4.508671434794917,-3.60414730585249,1
2.414085342993813,-5.3516655192962,1
-3.1922238864495975,4.905419684563352,1
-0.36215242658242874,6.109342072355911,1
-4.160937556040031,3.922541091681902,1
-4.893088477024507,-3.1179830969341857,1
-0.7065211245641895,6.1982567751370885,1
-4.038346961219986,-3.9953856068664617,1
-4.652334320209911,2.9766427169463645,1
-5.677852139558499,-1.9259328455138343,1
-5.526545364807309,2.345247509543566,1
-1.6974355282223383,5.916670418784337,1
5.619221837378655,-1.8863626691475477,1
0.5526444734465058,-6.448850300953144,1
3.561063700987065,4.310824337289754,1
3.962994796110254,-4.302413607077167,1
-6.32944686444556,0.5008914959715559,1
4.445599063948842,-3.468436863502924,1
1.9598582742282735,-6.050541481642997,1
-5.108757851554255,2.5944154564588997,1
6.327707217228933,0.8993211710064698,1
-0.7514035328768852,6.373496993369094,1
-5.843802196675429,-1.564565035966569,1
-3.954341836672797,-4.399789747669007,1
-0.3099497258986561,6.2489353939648895,1
3.69116692235887,4.42527749790044,1
2.9903061759847342,-5.061393787784214,1
6.227070932937906,-0.6122391889358887,1
-6.2785394939175045,-1.0223524908661539,1
2.83623488685275,5.2905629213378065,1
-0.8370692219781951,5.9330355352033965,1
6.4210643520629525,0.7452870602714606,1
4.795049443404352,-2.8643734467133397,1
4.327897918887913,3.9505828905411167,1
-5.377913979898434,-2.8050466085820727,1
-0.9159356812468824,6.01382749819024,1
-5.656335720791286,-2.003466936879661,1
-3.249807704086583,-4.557970257254592,1
2.805996305321499,-5.123760432481054,1
1.647072420117693,5.864226752087431,1
6.3902843083767085,0.44220106541434,1
3.8554474524315556,4.4790221063214055,1
4.827596826070319,-3.506590533814953,1
3.943175018691661,-3.9985603748562575,1
-4.696246372807511,-3.2967480360943524,1
-4.441096447553262,-3.248733395537042,1
-2.9098724572392767,-4.922914314536123,1
2.7361788401144342,5.4011650905233255,1
5.220005398124731,-3.1131925865631995,1
-4.9550780238997545,2.7741376578487777,1
-4.169926176001598,3.763870501817032,1
-6.2185749337789336,-0.7426621283845435,1
5.890089169540524,1.790415986413686,1
2.8749662315609337,4.952007087371762,1
-0.47699857391600425,-6.332203206981266,1
5.017414649196301,2.8743751032774925,1
-4.577571697354854,-3.4663577694999015,1
0.186409361168334,6.37717163325077,1
-4.391247370070722,3.665611712880614,1
-1.4693118067202153,5.924023346016717,1
-3.5238289547451687,4.503458085503447,1
-1.1983390342340834,-6.08354791893597,1
-1.7674071718443891,5.79401231224821,1
-5.422922337867049,-2.4037505241683585,1
-6.413763577519848,0.9724931451283371,1
-3.0533944642657143,-5.065990821200088,1
5.488021339558473,-2.3003378557494503,1
-0.6968193018607465,-6.338032303484407,1
1.3418206203020988,5.992414910852393,1
6.266227569198976,1.2436936295481922,1
-0.4881604034521654,6.322490560172423,1
-4.766377055372234,-3.2426394193161365,1
5.831340352997773,1.9526436620906786,1
-6.061538155662602,0.13841831653944936,1
-4.597373285389624,-3.202811064039796,1
-2.8605246238794892,4.889753064828248,1
0.8229144916607536,-6.226809795321759,1
4.697015153978545,3.7195220654040004,1
5.558318981290617,2.8381687783259086,1
-0.8677476829914398,-6.292197477138947,1
-6.3706455076414645,0.18052164626936226,1
-2.1652333253231326,-5.3123306244726365,1
-5.410796871355204,2.3484333717310983,1
0.13971117096025074,6.179027451777189,1
2.4639935053509703,-5.3138443368173265,1
1.8550409486143482,-5.781340891805044,1
-2.037452550835844,-5.6255564241724345,1
-0.8263116304689566,5.900246717189888,1
-4.993500238235259,-3.179132878895214,1
-3.568643719175554,4.260398045140915,1
4.895853291390221,3.175705920385933,1
5.351840905003755,-3.0609500695774163,1
3.6389385726110617,4.223897789571731,1
5.437784697623279,-1.7578819620644548,1
-5.677577325596878,2.00361534899524,1
2.436677169105855,5.643756716438713,1
-6.220245277395479,-1.676527359144185,1
3.8497134132706154,-3.9503925838268006,1
-0.7071718812187807,-6.305532211424967,1
2.0789402991899912,-5.601466274369388,1
-3.1374949867023307,-4.861357668172006,1
-2.282200425232331,-6.014120081074889,1
3.230989634788594,-4.4946703030311195,1
0.013220922022840675,6.338036717141741,1
-6.345586914615086,0.42225355997255276,1
1.1492200527647571,6.283469646321128,1
6.281499611036835,-0.48769331061421334,1
5.722778877979358,-2.09861675658488,1
5.919243339456691,1.4971010542982763,1
-1.7005061415866145,-5.933129624551333,1
5.223301210025924,-2.651147773321284,1
2.5524779285614283,5.475584032950803,1
-5.373770814513768,-2.4444711702848574,1
5.086652381113486,-2.9872114499108524,1
6.0525625496244455,1.3108830938573404,1
-2.025153120279361,-5.905332816671425,1
-1.7892236601745806,5.83565613101274,1
5.012877504790336,-2.5781904763466366,1
6.30761578653349,-1.1598300160795685,1
5.55593437440492,-2.029232801331651,1
-6.060686346746878,0.9906162618577533,1
3.641756955610001,-4.288844693667605,1
3.3527358753825363,-4.963571667632388,1
-2.3683539820661457,5.1077434008038285,1
3.021324630358732,-5.585592746003114,1
6.16716934229173,1.4604427158693627,1
-4.77777436316319,-3.303004944701093,1
0.7835759597822609,6.205413417281868,1
4.173667585136551,3.9474041012192163,1
5.287041302624689,2.7761298449401295,1
-2.0404565914739763,-5.81490101466073,1
-3.153632161422985,4.977969174071431,1
-0.9875663470396743,-6.176653135982994,1
5.454310044324596,2.374803609032073,1
-2.375495192958649,5.462086096021244,1
-5.946849070923981,-1.506646853008987,1
1.6010832396126866,-6.120223077018197,1
-2.5296638149328508,5.487038039440371,1
-3.697801171675413,-3.739455325709414,1
4.381464310442314,-3.8151992809430184,1
-4.282811058734888,-3.8172868331400047,1
0.670049881900351,6.234193704410174,1
6.11448310956624,0.9448544084390825,1
4.021558701046293,-4.27719707193806,1
6.34320900320683,0.8527870839455881,1
3.9411303055308036,-3.955932939958427,1
-6.181555517433539,-1.1364648024512953,1
5.441389504746508,-2.1913559908443716,1
1.7785718518958218,-5.619709827799407,1
6.205065349208922,-0.08054854533938612,1
-3.4795108135626336,4.744367978010698,1
0.6915002229221924,-6.378032838037536,1
-4.768484446688994,3.3768838599050803,1
-6.320338481465625,0.8034631048652304,1
-4.020856536622984,-4.149487078510841,1
3.9295132185531747,-3.9953859962593468,1
6.309420407917583,-0.6330951312588617,1
0.7319411766256938,-6.34691030667177,1
-5.191014440627953,2.9493810186434177,1
-5.33505850448348,2.8740119505046855,1
-0.4981960569583628,-6.372308512432314,1
0.44675718229859224,6.325104239597743,1
4.51965812398618,3.761720593771428,1
-3.5039570361056067,4.539486418778094,1
-1.4016846692901472,5.88090771370438,1
-1.7482935232879224,5.838128388869331,1
0.6336566146615358,6.130502499274855,1
5.83570506557742,1.5804466312525352,1
6.209194433454749,0.7002716260550232,1
6.148627053231349,-0.4752635983288156,1
-5.285908024398254,2.57830053684193,1
-4.053511392264601,3.6042444497576205,1
-2.555223458825537,-5.399035836323623,1
1.2304215563238952,6.086528872106001,1
5.677227413049302,-1.8461739151178835,1
1.4221803107898026,-6.119096688955286,1
5.037928221750296,3.1710745321073626,1
-4.878667720561917,2.77946224600178,1
4.051640597621559,-3.8472037630533693,1
5.584361249946697,-2.0211216401701493,1
-5.937085146669189,1.2333432880574138,1
-4.416751306806152,-3.8162191521195132,1
2.9000195780533806,5.049858050250575,1
6.243339236300931,-0.34679364480261926,1
0.6857747294161568,5.928620410861573,1
5.741769552378534,-2.160083629938872,1
-3.283871780198369,-4.49882344755877,1
-4.471820940549907,-3.5935408392291874,1
-6.30638629791353,-0.5038399331505251,1
0.7838099645551576,6.421728931645789,1
2.5486636220211674,5.12303984056297,1
1.0635489798336168,5.669360719039229,1
2.340639715763844,5.545869240123154,1
1.1996227832435893,-6.379082048463293,1
-3.4967452762757,4.80490004196942,1
5.670226257324023,2.156563100631035,1
6.024914285889306,-1.184558840189159,1
4.342381792829226,-3.887597362759196,1
5.1957066046149505,-2.5351457844954512,1
6.365740520292,-0.20374199323357559,1
2.749587663799365,5.30501121547872,1
-4.690610825296205,3.5801332453459778,1
0.3470532483092094,-6.698556736697237,1
-2.036978449575723,-5.77383329285602,1
3.2361340540660866,4.691485909706038,1
2.4000479642778303,-5.467481317715977,1
0.9554081120423096,5.897958523259582,1
1.0044125120999805,6.050347487197564,1
-5.953773212379983,-1.4085965218744405,1
-4.766794070842409,-3.1500945683045445,1
-5.163878512890797,-2.8425097442500014,1
4.76454569022381,3.0864839258875367,1
4.213483609871249,-4.085159302533007,1
-0.6143001296254417,6.247136526910471,1
3.914931426136246,4.143597828596859,1
4.339133306447511,-3.6475119415834656,1
5.918010166951125,-1.6931019144490769,1
3.7819406371365845,-4.449120730797031,1
2.152471674011786,-5.485192213668764,1
-3.187643624622998,-4.705849684623353,1
-5.735171041578009,-1.8976874498456782,1
4.805493170682777,2.923535914491076,1
-4.763497931341039,3.0883530612331995,1
-3.9221293121218443,4.037742447075986,1
-0.39333646743947437,6.410132880456717,1
-1.0430832175648321,-6.187594327171556,1
-6.325303955239352,0.16394759448850624,1
5.232446394829348,2.921516160454778,1
1.1545720025810704,6.090559293526512,1
-2.453839543995859,-5.504471528476717,1
5.2233397694995904,2.7083444921697684,1
3.439806405155463,-4.659764803922922,1
-6.207469587123803,0.18935716396606472,1
-5.855339922099485,0.7177868660169888,1
-4.828624930623526,-3.167810333050398,1
2.768841170158678,-5.4611922425766055,1
-3.4055348001945016,4.825629872628426,1
-2.654477216917441,-5.463237376458963,1
-5.6430447748095744,-2.4728379092860546,1
-0.6712937496738991,6.250296283856911,1
4.143682165949235,-3.9588485904131008,1
1.7669512882661662,-5.7530786874785935,1
-3.129451090010719,-4.826796243528762,1
3.4541113263717964,-4.717816524982927,1
3.955847478503627,-4.358728877936049,1
-1.5852707755468873,-5.920721910946433,1
2.994101299320293,-4.919633616774781,1
-1.9686596098751512,-5.746621528829889,1
-2.5647511821648044,-5.462910559461475,1
-4.032676337791025,-3.721259151848358,1
0.10163969820585186,-5.954006401856828,1
3.1061655198686435,4.801003605495985,1
4.04463224753477,-3.756732197743001,1
3.8976222124667346,-4.055372249951484,1
6.09597034546094,1.1330154658695033,1
2.674978677000133,-5.184001446545692,1
4.082568936726597,4.28609387458071,1
-3.000768866739471,5.0653858504975435,1
-0.2585738002242504,-6.335812862677157,1
3.1410423519894812,5.002121821084322,1
2.3973492619428565,-5.268266835865347,1
2.967556621646953,-5.2305795779651625,1
-6.276451576623042,-0.29471467006459523,1
6.391568247684252,0.25659053602069554,1
-1.3879702094011688,5.856127067652631,1
-4.061304748778958,-3.66885815789522,1
6.3451739770493,-0.7535810452102779,1
-3.895465827826809,-4.244140736282794,1
-0.37893313743211493,6.143957574309881,1
-3.7143337210250715,-4.1603976404058445,1
-6.130943102556602,-1.5735583220472755,1
1.1262196435013228,-5.935167896430559,1
4.676523493271549,3.72161148844901,1
0.4260341678204248,-6.138691759089194,1
-6.039502055773283,-1.6020183168900601,1
5.965052485620465,-1.4125938813452041,1
-3.2135300475973296,4.934442092811976,1
-3.7817482557307103,-4.162486938099018,1
5.40141607788149,-2.4581389636902453,1
4.600214934495708,3.454378779525693,1
5.398675361093995,-2.2470023230238625,1
-2.3260420312890084,-5.654282832148446,1
5.35655354955832,2.43224659776947,1
-1.9048195159255088,5.7438716410561295,1
-1.558731473687977,-5.7937792592665485,1
5.087024738310721,2.291133485447951,1
-5.069223814721634,-2.8775396139965985,1
-3.4785773306758765,5.057975392685107,1
-4.2190802349642285,-4.007900272995027,1
5.868743225423773,1.7347395534206174,1
3.9153728754165273,-4.089587417747392,1
6.152845977168859,-1.0344880972766675,1
6.174910661369894,-1.2231101081271776,1
-0.01339440703511248,-6.122851941446042,1
4.015695895810576,4.280927952305554,1
